{
    "Bắp": 54550.0,
    "Nành": 21184.0,
    "Đá hạt": 23616.0,
    "Đá bột mịn": 30900.0,
    "Cám gạo": 13690.0,
    "Dầu": 1280.0,
    "DCP": 24742.0,
    "L-Lysine": 13858.0,
    "DL-Methionine": 4616.8,
    "Bio-Choline": 7981.6,
    "Phytast": 2983.6000000000004,
    "Performix 0.25% layer": 15900.0,
    "Performix 0.25% broiler": 300,
    "Miamix": 11976.0,
    "Premix 0.25% layer": 9748.0,
    "Premix 0.25% broiler": 300,
    "Compound Enzyme FE808E": 1185.8000000000002,
    "Carophy Red": 0,
    "P-Zym": 1186.0,
    "Oxytetracylin": 4997.799999999999,
    "Tiamulin": 1197.8000000000002,
    "Amox": 800.0,
    "Immunewall": 2092.0,
    "Lysoforte Dry": 1479.0,
    "Nutriprotect": 1393.6,
    "Defitox L1": 2032.8000000000002,
    "Men Ecobiol": 1272.4,
    "Lactic LD": 0,
    "Sodium bicarbonate": 7908.0,
    "Bột đá mịn": 32811.0,
    "Muối": 19663.6,
    "Cám Japfa": 0,
    "Carophy Red (Màu đỏ)": 1474.8000000000002,
    "Lactic LD (axit hữu cơ)": 1408.0,
    "Nguyên liệu tổ hợp": 0
}