{
    "Bắp": 0,
    "Nành": 0,
    "Đá hạt": 0,
    "Đá bột mịn": 0,
    "Cám gạo": 0,
    "Dầu": 0,
    "DCP": 0,
    "L-Lysine": 10300.960000000001,
    "DL-Methionine": 0,
    "Bio-Choline": 7068.239999999997,
    "Phytast": 2131.159999999999,
    "Performix 0.25% layer": 15900.0,
    "Performix 0.25% broiler": 300,
    "Miamix": 11274.0,
    "Premix 0.25% layer": 0,
    "Premix 0.25% broiler": 300,
    "Compound Enzyme FE808E": 476.6800000000001,
    "Carophy Red": 0,
    "P-Zym": 552.1,
    "Oxytetracylin": 4886.5599999999995,
    "Tiamulin": 1086.5600000000002,
    "Amox": 800.0,
    "Immunewall": 1734.5,
    "Lysoforte Dry": 457.79999999999995,
    "Nutriprotect": 1206.3999999999985,
    "Defitox L1": 0,
    "Men Ecobiol": 0,
    "Lactic LD": 0,
    "Sodium bicarbonate": 3341.2,
    "Bột đá mịn": 23620.2,
    "Muối": 3007.4399999999955,
    "Cám Japfa": 0,
    "Carophy Red (Màu đỏ)": 249.36000000000035,
    "Lactic LD (axit hữu cơ)": 0,
    "Nguyên liệu tổ hợp": 0
}