{
    "Bắp": 70.0,
    "Nành": 31490.0,
    "Đá hạt": 0,
    "Đá bột mịn": 0,
    "Cám gạo": 0,
    "Dầu": 80.0,
    "DCP": 0,
    "L-Lysine": 10426.56,
    "DL-Methionine": 0,
    "Bio-Choline": 7100.239999999997,
    "Phytast": 2161.4599999999987,
    "Performix 0.25% layer": 15900.0,
    "Performix 0.25% broiler": 300,
    "Miamix": 11298.0,
    "Premix 0.25% layer": 0,
    "Premix 0.25% broiler": 300,
    "Compound Enzyme FE808E": 501.28000000000014,
    "Carophy Red": 0,
    "P-Zym": 574.3,
    "Oxytetracylin": 4890.5599999999995,
    "Tiamulin": 1090.5600000000002,
    "Amox": 800.0,
    "Immunewall": 1746.0,
    "Lysoforte Dry": 494.79999999999995,
    "Nutriprotect": 1212.7999999999984,
    "Defitox L1": 0,
    "Men Ecobiol": 0,
    "Lactic LD": 0,
    "Sodium bicarbonate": 3501.2,
    "Bột đá mịn": 23953.2,
    "Muối": 3593.4399999999955,
    "Cám Japfa": 0,
    "Carophy Red (Màu đỏ)": 293.76000000000033,
    "Lactic LD (axit hữu cơ)": 0,
    "Nguyên liệu tổ hợp": 0
}