{
    "Bắp": 0,
    "Nành": 0,
    "Đá hạt": 0,
    "Đá bột mịn": 530.0,
    "Cám gạo": 0,
    "Dầu": 0,
    "DCP": 5658.0,
    "L-Lysine": 12291.36,
    "DL-Methionine": 1742.8,
    "Bio-Choline": 7575.839999999999,
    "Phytast": 2610.159999999999,
    "Performix 0.25% layer": 15900.0,
    "Performix 0.25% broiler": 300,
    "Miamix": 11688.0,
    "Premix 0.25% layer": 3949.6000000000004,
    "Premix 0.25% broiler": 300,
    "Compound Enzyme FE808E": 867.3800000000006,
    "Carophy Red": 0,
    "P-Zym": 905.3000000000001,
    "Oxytetracylin": 4950.659999999999,
    "Tiamulin": 1150.6600000000003,
    "Amox": 800.0,
    "Immunewall": 1924.5,
    "Lysoforte Dry": 1042.3,
    "Nutriprotect": 1316.7999999999993,
    "Defitox L1": 486.5599999999998,
    "Men Ecobiol": 663.7600000000001,
    "Lactic LD": 0,
    "Sodium bicarbonate": 5879.2,
    "Bột đá mịn": 28880.7,
    "Muối": 12298.039999999997,
    "Cám Japfa": 0,
    "Carophy Red (Màu đỏ)": 950.76,
    "Lactic LD (axit hữu cơ)": 0,
    "Nguyên liệu tổ hợp": 0
}