{
    "Bắp": 0,
    "Nành": 2330.0,
    "Đá hạt": 0,
    "Đá bột mịn": 0,
    "Cám gạo": 0,
    "Dầu": 0,
    "DCP": 0,
    "L-Lysine": 10340.960000000001,
    "DL-Methionine": 0,
    "Bio-Choline": 7078.239999999997,
    "Phytast": 2141.059999999999,
    "Performix 0.25% layer": 15900.0,
    "Performix 0.25% broiler": 300,
    "Miamix": 11280.0,
    "Premix 0.25% layer": 0,
    "Premix 0.25% broiler": 300,
    "Compound Enzyme FE808E": 484.1800000000001,
    "Carophy Red": 0,
    "P-Zym": 558.9,
    "Oxytetracylin": 4887.86,
    "Tiamulin": 1087.8600000000001,
    "Amox": 800.0,
    "Immunewall": 1737.0,
    "Lysoforte Dry": 470.29999999999995,
    "Nutriprotect": 1207.9999999999984,
    "Defitox L1": 0,
    "Men Ecobiol": 0,
    "Lactic LD": 0,
    "Sodium bicarbonate": 3391.2,
    "Bột đá mịn": 23732.7,
    "Muối": 3192.4399999999955,
    "Cám Japfa": 0,
    "Carophy Red (Màu đỏ)": 264.36000000000035,
    "Lactic LD (axit hữu cơ)": 0,
    "Nguyên liệu tổ hợp": 0
}