{
    "Bắp": 42534.0,
    "Nành": 16504.0,
    "Đá hạt": 23304.0,
    "Đá bột mịn": 30900.0,
    "Cám gạo": 11130.0,
    "Dầu": 1200.0,
    "DCP": 24742.0,
    "L-Lysine": 13832.400000000001,
    "DL-Methionine": 4568.8,
    "Bio-Choline": 7975.199999999999,
    "Phytast": 2976.3999999999996,
    "Performix 0.25% layer": 15900.0,
    "Performix 0.25% broiler": 300,
    "Miamix": 11976.0,
    "Premix 0.25% layer": 9652.0,
    "Premix 0.25% broiler": 300,
    "Compound Enzyme FE808E": 1181.0,
    "Carophy Red": 0,
    "P-Zym": 1182.8000000000002,
    "Oxytetracylin": 4997.0,
    "Tiamulin": 1197.0,
    "Amox": 800.0,
    "Immunewall": 2092.0,
    "Lysoforte Dry": 1471.0,
    "Nutriprotect": 1393.6,
    "Defitox L1": 2007.1999999999998,
    "Men Ecobiol": 1262.7999999999997,
    "Lactic LD": 0,
    "Sodium bicarbonate": 7876.0,
    "Bột đá mịn": 32739.0,
    "Muối": 19545.200000000004,
    "Cám Japfa": 0,
    "Carophy Red (Màu đỏ)": 1465.1999999999998,
    "Lactic LD (axit hữu cơ)": 1376.0,
    "Nguyên liệu tổ hợp": 0
}