{
    "Bắp": 0,
    "Nành": 0,
    "Đá hạt": 0,
    "Đá bột mịn": 0,
    "Cám gạo": 0,
    "Dầu": 0,
    "DCP": 0,
    "L-Lysine": 11270.56,
    "DL-Methionine": 0,
    "Bio-Choline": 7315.039999999998,
    "Phytast": 2364.3599999999988,
    "Performix 0.25% layer": 15900.0,
    "Performix 0.25% broiler": 300,
    "Miamix": 11484.0,
    "Premix 0.25% layer": 241.60000000000036,
    "Premix 0.25% broiler": 300,
    "Compound Enzyme FE808E": 666.1800000000004,
    "Carophy Red": 0,
    "P-Zym": 724.4999999999999,
    "Oxytetracylin": 4918.0599999999995,
    "Tiamulin": 1118.0600000000002,
    "Amox": 800.0,
    "Immunewall": 1826.5,
    "Lysoforte Dry": 744.3,
    "Nutriprotect": 1262.3999999999987,
    "Defitox L1": 0,
    "Men Ecobiol": 272.5600000000002,
    "Lactic LD": 0,
    "Sodium bicarbonate": 4575.2,
    "Bột đá mịn": 26198.7,
    "Muối": 7529.239999999996,
    "Cám Japfa": 0,
    "Carophy Red (Màu đỏ)": 593.1600000000002,
    "Lactic LD (axit hữu cơ)": 0,
    "Nguyên liệu tổ hợp": 0
}