{
    "Bắp": 0,
    "Nành": 17630.0,
    "Đá hạt": 0,
    "Đá bột mịn": 0,
    "Cám gạo": 0,
    "Dầu": 0,
    "DCP": 0,
    "L-Lysine": 10385.76,
    "DL-Methionine": 0,
    "Bio-Choline": 7089.839999999997,
    "Phytast": 2151.759999999999,
    "Performix 0.25% layer": 15900.0,
    "Performix 0.25% broiler": 300,
    "Miamix": 11286.0,
    "Premix 0.25% layer": 0,
    "Premix 0.25% broiler": 300,
    "Compound Enzyme FE808E": 493.28000000000014,
    "Carophy Red": 0,
    "P-Zym": 566.9,
    "Oxytetracylin": 4889.16,
    "Tiamulin": 1089.16,
    "Amox": 800.0,
    "Immunewall": 1741.5,
    "Lysoforte Dry": 482.79999999999995,
    "Nutriprotect": 1209.5999999999983,
    "Defitox L1": 0,
    "Men Ecobiol": 0,
    "Lactic LD": 0,
    "Sodium bicarbonate": 3449.2,
    "Bột đá mịn": 23845.2,
    "Muối": 3403.0399999999954,
    "Cám Japfa": 0,
    "Carophy Red (Màu đỏ)": 279.36000000000035,
    "Lactic LD (axit hữu cơ)": 0,
    "Nguyên liệu tổ hợp": 0
}