{
    "Bắp": 5.0,
    "Nành": 0,
    "Đá hạt": 0,
    "Đá bột mịn": 0,
    "Cám gạo": 0,
    "Dầu": 0,
    "DCP": 0,
    "L-Lysine": 10291.36,
    "DL-Methionine": 0,
    "Bio-Choline": 7065.8399999999965,
    "Phytast": 2129.359999999999,
    "Performix 0.25% layer": 15900.0,
    "Performix 0.25% broiler": 300,
    "Miamix": 11262.0,
    "Premix 0.25% layer": 0,
    "Premix 0.25% broiler": 300,
    "Compound Enzyme FE808E": 474.8800000000001,
    "Carophy Red": 0,
    "P-Zym": 549.7,
    "Oxytetracylin": 4886.36,
    "Tiamulin": 1086.3600000000001,
    "Amox": 800.0,
    "Immunewall": 1733.5,
    "Lysoforte Dry": 454.79999999999995,
    "Nutriprotect": 1203.1999999999985,
    "Defitox L1": 0,
    "Men Ecobiol": 0,
    "Lactic LD": 0,
    "Sodium bicarbonate": 3329.2,
    "Bột đá mịn": 23593.2,
    "Muối": 2963.0399999999954,
    "Cám Japfa": 0,
    "Carophy Red (Màu đỏ)": 245.76000000000036,
    "Lactic LD (axit hữu cơ)": 0,
    "Nguyên liệu tổ hợp": 0
}